{"factor_0": {"mean": 3.552713678800501e-17, "std": 1.160862533998104}, "factor_1": {"mean": 1.4210854715202004e-16, "std": 1.0243172287369946}, "factor_2": {"mean": 3.552713678800501e-17, "std": 0.9645856849499904}, "factor_3": {"mean": 2.2204460492503132e-17, "std": 0.8202114656974864}}